str,calibration
fouronevhnrz44,44
eightg1,81
4ninejfpd1jmmnnzjdtk5sjfttvgtdqspvmnhfbm,45
78seven8,78
6pcrrqgbzcspbd,66
7sevenseven,77
1threeeight66,16
one1sevensskhdreight,18
rninethree6,96
eight45fourfgfive1,81
xdlnbfzxgfmhd4t,44
7tf,77
8oneldkrfcssbfeight,88
five5ninebvvfv,59
sixrhxkzcgfhltrchq3three91,61
lnxms8,88
threekv33eightninethree,33
fourxrsxhclj99twosevennine7htxdr,47
5hdhtdxgktztjdjrhkmlblsevenseven1four8,58
25xmvshkbmtkmvqpfhgq8fivefqctjm6two,22
nine533two,92
sixmbkjzpcxvfive2,62
seven3fivevhkpjvfqsfivemfdvlkhhmmvtztjf,75
3eight5threefour,34
fplrjjznseventwocrv9,79
mxqvdb5onesix84fpkzf,54
17five6mvxgkkmz2two2mf,12
lrqnqfncvvvrrpkfour92xsxfztwonehsb,42
dphngmgfhhhcjxmbmqdk3nine54,34
34xdbhnbhbmljxc55oneeight,38
cpgdcctwothreevlqmk1qpdthree,23
977ckpkmx5,95
7cx81,71
vrtgzhhrsevennzgjqhsqdxcjtm2gsj,72
dtkgj89bz5threenine,89
256mctgqnjbpr,26
smmthmrnj6threevrndhnrqq4qpnxz,64
vfrcvbgpdfjbzhchqmtjgxrmddhmggmqrgs7gxfjffivefour,74
twoeight8two3,23
threedpfour5eightthreebc3,33
csdfivefhgkjfcsvsvqsrbtplhjnine7pqhpvhjqone,51
seven3375sevenqgjndftrsh9,79
4six1npbnvfdl27hqvdrxztq,47
twopmmblrnhmq6zp1,21
34jvrtkfdcmnmblg269six5,35
fouroneeight1lpvssjskkjvhpmcb,41
kjb6,66
8rsix4,84
hcprhbhzgjklpql92pntdmxskg,92
3766zthm7lts,37
eight9sixqnkqbfrbrstbxxsixeight,88
sjncbhbcrmnmsmf4sixkhscclmrjfjgqgrdtpjqpgdsg3,43
zrxtgzscx5lgfcsbqkjnst1,51
nineonedzhsqlscgl2xpk,92
9eightljkpkkq,98
blhstnzdfttwocfjhgsix41hrx6,26
5dzsix5,55
vhlkone6five79,19
nkkm65tfnxhtmzrfpfive,65
7hcnzjn4,74
ngckn5ppcsvjsbstwo,52
5qld,55
zbgghnineninezkphpf6,96
8nine4sevenjlhlzlbztxbcrpc,87
3bcdmqxgb,33
8xvhfr3foureightwocj,88
nine68zvlfs,98
8one8xldlrninenine81seven,87
7dtvdvgnnqt6,76
htxkfzhxhfmc7631lklzppbtrbfive,75
seven89lrxddqtsvvt18,78
dnvcsqcmp7fourkrjhndsghjr,74
ztkqqqdctdeightonefivezdctxbfg7two8,88
lptlbtmmkdthreetfcttkknf53gtmvkcgmj9zvsvmsbstznmd,39
hbxr1ninefvjkkxkhbrtwo6,16
dbmxvpsvp7jdnvsdnlv,77
seventhree1,71
seven1oneseven,77
seventhreejcdvcgfthzlvl8eighttwo1,71
2fqkkgsvpjv9ninesix,26
xfmkdtxk2two,22
6fourfive,65
hpghf2cfgrmb34,24
714,74
nineonemrzxsmtwo28,98
llgnrpcdxt4eightninedl9,49
pdvhcvpmceightpfjpgvbfnrhh9,89
gvzzrvhmj464,44
592eightmvkdnjqthreedtcldng9,59
77nineonethreerqnrgczsn4hhdnpbtkxthree,73
four78zrqfourtwo,42
5chnktntwoninezqzfhthreegpmkvrsbfs,53
mpgvbnzldvbhchthreeseven4cvone,31
nmfbdpeightfour9fiveqnnmbfsheightsix,86
onexrjdhtmsdkssrgghlfsx5fourtwofive,15
5seven3zfdnqxqqdgqcphhjctjhddfggrfstqrb7,57
hcpcvfllseven8,78
qhpmcthree1sixdjkg,36
32mgqbmsn6five4c1,31
seven78,78
four8three,43
9seven5five6,96
five67,57
twopqsjvpfxdone81gsztrlxrhx5,25
9bctqg,99
jqkhxlnvfhninepzmvfmm5,95
fglgdrnlnqthreeeightfoursevenseven368,38
nineeightjvzdqnpnzf86qpffrfsp6,96
34kckxkrq,34
sixppr854,64
oneeight6,16
7onerhqgbzheightpvxjnsfdnmfive,75
68seven3,63
56ninedgzqmlvjp22,52
six69nine7threethree,63
6oneightskl,61
5six9four5twoone,51
fivefourfourhvgfqrqst99,59
2qvvnrbvjhs8dstfpfnineldkpnkskz7,27
41jrhj9nfeightonecqrdg,41
7onefour8,78
rxtdz5gbxbvdxbbpghfvljdbknqsqgtmmgrhf,55
79kftqmdnbj,79
1cf4,14
threekdrpvtsdtrdfzxtvqh3,33
zxcnsfkvfivezhcknlhcqfour9159,59
twodjdbsfive7two,22
47bnvbkseven4one7,47
nleightwo7,87
twofive5gptl3nine6twopngsq,22
eightqn32seveneightqfrfmsfgqhfourvrgdkfnxn,84
sixfivefivepnxb1jqzx4lk5,65
three97onebssix2,32
fivebvkhcmt3one6twonegf,52
xzrv997pfhxsblfive8,98
5nptkzbsixxgpmrkxponegnnqfqtgvl4,54
7mvxkfkjkxninesevenxjtrjxbj,77
jfloneightfivetwo7flmf,17
qpncksix1fourthreesixtwo7fcjjdx,67
17nineninesixhpbh,16
four88ngtbtfcqfr6tjqbqhrktf,46
vgtvfsftvljjkxnsevenltszqrgm6cgxjlqsgcqonelcdjv,71
6tznfmdzxkt,66
nineoneninefive2oneightdp,91
kmjjzvblthreethreefour1dhrsk2pfjx,32
fourfive6six2,42
rmqzgfivenineeightnine6qqnxclq,56
fourninefive3kgeightonerfxsr,41
four7qjpkrfxsvt31seventhree,43
vqgqgk69twoseven,67
qfxvmhk9,99
six1b69,69
vcbmbfjrdpnfour9,49
twoclpjtndvxj8fpxblseven,27
28xrggnqqttk544,24
39hgczgvjhvs31fivesix,36
qstz85sevennine,89
ddc5lqftnmhldv4dxfvhrxcnltr61,51
ninedhhmpzntqlninef7,97
63fourhznh,64
three39foureight,38
4zlfzjfrqsixjzb,46
2sfiveeight,28
fourfivefive46,46
fglfbbseven7445three5mfgrmkfgdc,75
8sg,88
128three3seven,17
five4threehrggrjgjpninetwo5eight,58
3hjnmvhtfxpzmdt7224txvnpnjsjf6,36
beightwobhz86fdhsthreeqjxccxhjvk45r,85
lgd2sixf7,27
6ninefour,64
hmhfeightsevenvlgdrm3five6kkjblfqbjsnxtcxrpg,86
jxvh5jjxvfdeightwon,58
1qfqdqxvtsztkkjxqz,11
1onenineppgphdtt,19
fourrppqprfmlpxbvdhpltfive1qfzr,41
xhqkzhchcmfnrpstgntwobrntnm4,24
nplmsixmx5six,66
dtvrlxzdb4clddlfivefour4one,41
67cnqshcbgsix54two8,68
7s,77
fourfourhbv28six91,41
seven6twospmcsixcvmzfj9nine1,71
1five1bphjprtm2twoxfslkqh9four,14
eight7bfzdbfccfl7,87
8eightl,88
klfpjslgdmgbxlftszdltn1,11
eightseven5threeseven,87
onenjvvqsfhgfhmtv6foureight51,11
qttmv8zxdh25hshpn4,84
7875,75
3ljptgbzsix1sgqrqlgml6sevenfktjtgtv,37
tdtwonethreeeightfivethreeqmdmc9,29
rkx1,11
eightseven26ftngc,86
tjxxsdsnxg696xhthree,63
2gdbxmxqjxnninefivenzhpmx3zqh,23
91kq5sixspxqqvpjxrp,96
mkztv5knjkzrgcz,55
3ninefpdbptdnine3qpzc,33
fourtwodg86,46
nineeight1sixfourseven,97
dvlgone1foursndcghxgxzrtsztceight8,18
6bskrcjthree,63
fourninebgcqkdlrx79,49
4sevenxfoneh,41
gmvptkcgx69vqxmckppmlnptsrndfrhtc,69
9959ngrjdgltllpmrtbrgrdpnjlgl6three,93
2c,22
3qncfdmhdcmleight1,31
3eightvfstts,38
sd7175nlpq9xhfour,74
foursevenfour477four,44
snsixthree7bmlrvdtmx,67
nhsninesevenjjhgthzhfour66seven,97
52onepcltqtlnk,51
fivedvndklt1twoxplzqtgf,52
1twohpd8xxtwojmcblxxtdk,12
nnctpnrhjtqvcpnbncpfsixseven9rrbxblhcsr,69
95ninemvhbqhpkqksixsevenone,91
5seventwothree,53
threeonetwonine2,32
cqbrtdnjzgx38twoneshm,32
4fivenine1,41
czsfivenkkqbqbbpc1,51
sjmeighttwo32one771,81
5mtmkhkhd7nineeightrq4six,56
one7vknzhj9ninesix,16
jcsqnxhp1pmfpvkdmcgzm,11
zjm5two2,52
4onejhdtnhqtlcggbxpmhtfiveone,41
nr6hvcspxjgvmlbdtgs326two,62
fivevsrfcv5fnkpftvrbnine,59
kbtwonesixbbrtjvcbblzh4,24
2fourthree,23
eightntgeightfivesix8,88
twoninefive42,22
bcjxfqlqvfslqgq52,52
tmrthree8twoxthreers,33
9fivenineeight9xdnnqkfbnkg,99
onesclfxsljp2,12
5one34,54
18nlbghthpmhntqpxnfivebfstnkcrpvxmrlrhcq,15
fourthreesix43three2fhn,42
nine5zbqpcxffpmmzxp,95
dbjgphmmvf7eight,78
6tks,66
ldnkcj6572two5sevenf,67
6jlbdqjrx86pxxnhneight,68
191pbjnlqh7vkgvrhtrkxqfgxczq,17
qpxpcnmmmone3zkm2nine5gttbdpggf,15
vnbfthmm1hckvdcqqv1sixxpldbmnxmmgrbl,16
eight5ftlsixlmrf,86
6gtqkvvmvvq5seven6mkxvxpfthreenine,69
jbskqm5gfntjjqtz,55
2eight72,22
nineplkthreesxpeightxzkfvg4,94
xzcqqnq5seven2vtsldzpfnine,59
six9t1rmbnzrkdh1,61
75kcdztv7,77
two4gbffour,24
seven8rlqhshzsixmtmpvfzjpeight5sixvh,76
7nrrcqpdqhfourthree,73
21fivenine2kjxmlmnhz6,26
3stsfthreejgzxhbseven7threebfhlml,33
dtdeightwo4jxrfivebpzf,85
qhrr2five5oneightr,21
pp2pbjgmgffctbtseven,27
737kbsxrtpcgslrmcnd4,74
qpxrkdnineqzkkhzjfqqv7twocghmkrh47,97
gfptsfour4ldrjlvzghq,44
9ninezvxqzhlgzckb8fztrsevenvlqgdm,97
7562sjpbvpeighttwo,72
qsmnktmlpznxz25gpgjqsm,25
7two5tctnfxgqvd2four,74
rls41threezlpkvtbhvk4sixnine,49
six8dpd,68
msljvkd6fourbtzfjphskfxqpjkzmzgkxvqn6hddzxj,66
mfspzjjcfour49csfjgjkdmktns,49
b3tllpmmqkktclkntlbgkkg9five,35
rqnbftghx35,35
rcgrb26five,25
sevenvkhzbljfour9czkpdltxlbqbdgcpz,79
two7fivehrqeight,28
mgmvtjl1zffzbt3two,12
trxmmtdrvh1scjhcsevenonejmzhsbttgfseven,17
one8sixtwo58,18
nrs24,24
threerrrrtjhngptrpsrq8sevensixtwoonecntmmmxtjf,31
mzgmrh5qcml,55
4lfxxdgnnjzeightninesone,41
phvmnnvzseveneighttwosixplbrb5,75
sixnineqqgbmlxdrvsrfhkrff5,65
6sdfldthgvctwosevenvvnbgqxjrn,67
7112xslv,72
sevenfoureightfivefivelkhnxb98,78
nine6pljkszdp6,96
two4xlhfhrz5kbpstsfive,25
bbgdsix5,65
sevenlcbsdlhftwozsnx1two5,75
one2jjmlqsnxx1b,11
sevensixsix5sevenzqhjzlkjgnvsxfkfvxzhq,77
lone19four1,11
1fivesixpv,16
eightfour1,81
xsbgprjfthreefoursevenrqzbcbfnbhtwo2two,32
ldtwoseven47dcrppbfbv,27
1fivexgtwosixone18three,13
nine93oneseven,97
5qdneight61xpg,51
rdzckkb5five7ggmbkzjshx,57
37lxlgmveight8,38
scqvdhm9b,99
seven9six,76
pvthreesixfourgctbsix8eightseven,37
83oneonej,81
5four83cfmnthreeone,51
fivefiveeight1,51
9tnbqpthbn5kvgmsmfmfsevenqdrksixmbmgm,96
onecrs76,16
vgdqvmt23onesix,26
dlvmvtj6eight2dxjrhdlfghfhxcsxz6tbkz,66
414sixdbzhmxthree,43
sevenfivesevencffvbdhtk5qmplrjzxnjnbnt6,76
qgqjxchmxfourknine447three,43
4tfour,44
fivercfvsvlfglbxrtvxznhr8five,55
sevensixonesix7399,79
two17,27
zcmdlqzhps5twotwojkltrxb7three,53
xllqtjpxsixsevenfivefour29,69
ninetpzpr51,91
6751three6,66
rcfpnskfivethreelbtgpltxsevenfourbtcs8eightwokb,58
eight7rfr2,82
six5onenine29,69
zjbj238,28
rgprs5fiveldvmgqktnn,55
meightwossfvkncf5sevenfivesqpgrtnnj,85
onez4eightfour62tmrjmprthree,13
foursevenjtwoc3threesixfj,46
qmmzmzlxmthreezvzxv6zgcztv,36
73mbm,73
nine251k1,91
sixhtfhzcbtq7sevenonesnkpfvsnnnine,69
seven44vp4jxbrvkzcmlnjfiveoneightvzx,71
3twoseven5,35
one8mfpgflgqkb2six7dtgftrplb,17
lrgnb4ninetwo5vjsmmb9,49
6sixq2three,63
999eightvkpcpv4,94
947fourtxdmhv,94
9msczjqjggsk3six4,94
bone1,11
5fivevvlljvmsdgqjnrhfourkstccckr,54
7hpblpnmxqlninethreesixpvpnine,79
nineeightdsrqfdnghgkeightone8mpkvfdhz,98
4sevencrjtpdq,47
mbvgsfoneltqkfnbpftxhtv7two,12
onegbvcctwo8onesevenone2six,16
vt36onetlmtqbv,31
nvvxx51,51
threefnvcvbnzvs4,34
7rxcjjdeight81587,77
mdmjsg3seventhreesn,33
dtxsdmsvjcjx819jhhpzzf9,89
9jcxsninetsl2,92
6vcllfssthkxgdgh1ghjscsrvnhrpmjllh,61
6kkhpcjhmseighteightppvdkffdcpchttzone,61
878,88
sixdkkjchkjqtllfpn31rpgxspktkgxjgcf,61
2eightsixzs3kx9,29
sixthreetwo9,69
35vtgrpcqcnvfive,35
4ninegqqlc49fourthree4two,42
czd4eight,48
tfcmfdxhhqlroneninethree43,13
8tbx,88
1xqpdxznzhsixseveneight2,12
6hg9clj,69
vfnthreevzt88,38
seven4317pkxd13,73
stvltfvs7eightcmj,78
nbrxfmsshronesevenrrnp8seven4,14
7jvtgqvm36fivegccbpkp,75
6threeeightfive8tnlninekb,69
eight1sixtp,86
17ninezjhchkvq,19
tfxvhhkltlnffournlmlsqfclqlrsk31,41
two889threezthree1two,22
five9one48twothree,53
eightseven8dqjsixlrsrscgzjpfour4,84
988nine4fk3,93
76dfkqfbqzffplx,76
9zmgrr9,99
jhsbj4twohxrgdr,42
kgcfgninetwoctqzfbhhvffive2fzlk,92
8six25,85
six35oneseven7,67
2cvxrnine33four27zk,27
4xctr9threemrckmkmjgtpxzfqdzg,43
fivelrs3ncmgdxgqhnfqrlzlnbvrqp,53
3zgblb,33
rztshfoursixfour226four,44
2hfth,22
5d94fiveninezfvprvgtnxfive,55
21four5zcb6szsjgsseight,28
2fivefpdkzxxgchfourp25lsnqjrmxmq,25
gxlbzlfzsixtwo8snhpdtgdgthkrvzsxkd3,63
five4n2,52
gscjzkgkeightqlljzx12fiveonebqzmlh,81
xhsrzj1,11
klxkdzxvvrljbnrhfive7four7,57
3sxmbgvxkmkpfqxccvj8eight2hl,32
2bcdbsllgcmftxftmzrhnfive9dgkqpqkloneskztwonesgh,22
eightsix7nine7eight69,89
five6lsgslhtzzv,56
fivesix47,57
3kxfbcjz6vmhzvkgpjbfqq34seven,37
threevlmlfm58threebkfdzd5fourkpgddjlqsz,34
sevenzdeightdtxrxzckfktrfpm7,77
qjkrfltlsdrrcm6,66
795six3hmlkdnine3,73
foursixxjnqsljktnnbtwoeight2mskdbkbtk4,44
fivetwothreeeight9sixqhqzm,56
fiveqjdksix14jlzcvck,54
16sevensixvzjnh,16
nkpshpkptggnsxp272three,23
zrv86,86
35lgqsdfive6,36
x3npthreethreercmnlphkchmrmcg9seven,37
5sixninefiveninenkxrvmk,59
jfjqrvc3,33
bbqxjhds4,44
hdkqkq5twodbbrpnbmmj,52
4twosixcfdcf515two7,47
mgzljdxqkpzbhfh62threenine74mcvrf,64
4ninesevenvnblskhgxmhvkhpmxg,47
fourvktpjlpr5sevencfvthree,43
9six9vtrkdfjkbb4five7slq1,91
dhroneight9xthreenjqk,13
eighttwo1twopxzxghjs9,89
six35ctcjrmfclone,61
d1sixmmctvr8,18
qsgcbzdtworzgzbqtrd7pttltxjsgptwomfmrzns,22
sevenseven6twocqhvmvgxn9vmlxpfourjvqsnmlbd,74
7twopc2four,74
three1nineeightgrnzbpqsvbkpbqzvmqsnm,38
91fdf985tdjvtwo9,99
svlfivetwomjhzfourone7,57
bqpssscxckkljxxtwo8dpcbpqgq,28
gjhdqvgcfive3five,55
bpqdnpbf97tgpkkmdg,97
1lksrsrlqkmzmbfgpcqq,11
kfftvhrlqpstwoone6fiverklbhqqgdpvmnine,29
xbtfhfivenine9lpklrnrrbnthreensvgrvdzpfpvzznq1,51
xkfjtzdqmhnine96sdgfveightttbhfkthree,93
fourbz2six5,45
rggoneighttwo19vfdjvjbr86zkqmfclp,16
3fourx4klhkhglvjszj8,38
glg2fournine5sixxbjseven,27
3zdpsone,31
htxgljmx262five5,25
3ftshpgpnnhgspltjrvb3cgnghgzpvzlnxvzcjone,31
threebbnrxczqninetrone7eightseven8,38
g2seven,27
threeddtgc8,38
3fivepcfgpvjzsj471,31
28zfour7seven,27
clxslzrrkbbmxbkzfnreightone6twodlztb8g,88
9eight1,91
2gvvdgnvnptwohhztfggrndzhplqgx,22
qspcbvlv48,48
1eight1sevenrlhdnhs,17
fivetpnnlnp317seven,57
n4onetwoninexnvstftnchzfxzrqts,49
2lthreeseven,27
two3twoseveneightffournbrhmseven,27
seven6fsxnfqmlg75bznfkjbch81eight,78
4dgszfourggjmjjjrr5xmddgsgp,45
b5283sbqdn36qcrxnphkg,56
9lmklvnvczeight,98
cgm2vsrmjtzmbh,22
7lhqhfm5sevenlg,77
69cmcnbqseven6bnztjrpfvx,66
eight84nine8,88
92xcmffvvbr,92
fivefivetwotwoglzqftlfpnine2,52
gtffdsrzmmnine6fourtwo,92
cjnxbkvxq7onexjjhds,71
onenine9lgkp4bxztcseven,17
bthree4,34
bqq4dbjbkftfx2cxdrdgjsixxqlcgztnv,46
twovtxqhsgx72jtgfqzfqnine4,24
87gjbghccqrsqxbflkhk2fivelmkmjzmfzxbcmjtb,85
seven7six83vdxxrfbfkfg,73
sevendnjssc7threecrccqlsf5xtgmqk,75
sjphck271threekvldbgnvtcxlcdkf,23
sevennpfbbsb3kgpdm,73
ngmhtfnkjl5fourfivegnpb,55
xthdbtwofcgdrrjmfive1five,25
89hgld6sevensevenfour6,86
36kgtmxxx1fivenineseven,37
eightdklr6,86
23zkrplrpmlpclqjkrsrxcbjone9ffjrqvsix,26
5njvthreeftxjninefnlcq,59
1qb,11
three5258kpcrl,38
szggtxbvql443,43
3threemvbzslgqdninesevenxzgbfkcg64,34
6fivefmhtdcbpx,65
five4fivesix,56
9ninebrdczqjpnine,99
q33ninesix6threepbqjnjdb,33
onelvhdtljltmjgdsnine1eight7,17
one2seventwo,12
4jnfchm5jtqgbmnctrsix,46
5six3,53
eight9hklfhjnine2onerl6,86
2nzncz9fourdcqmmcfgbgsqchvnrdnrcthree,23
2337,27
tvqqfkxcg81eightfivedxmb,85
mxkcbqkptqbgqvgjxbrbnine3dtzhkmeightsixdxdhbpxd,96
two9szthjhjmcfseven4,24
rkcsnrl2btjgvbmlnine1jdjczcskjg622,22
six75three9,69
5threethreetwo8,58
1eightngz,18
seven3sixn2,72
three7pdfjtzfv5threesxpgrbkmx2khxcsbdblh,32
onezzrzpbvsmflzrlfmv4h46five5,15
6jdv,66
smseven3eightfivegzlkm3,73
nine7eight5,95
sixthreeone54four,64
7mrxpdc6xvkhcmtwo4,74
3crrcmxzqzfchtnvnh,33
nhxtwoseven84,24
9sixvltbsix,96
6ctsnvvgm9sixpjhmtskzggtgsevenseven,67
ninehfqcvgkgqf167one1sixeightwocf,98
dtsg38sixtwonephq,32
rpfbnzn2vhjxeightqdfbqmpgpdqn,28
cncdqcbgzt8,88
xbhqsrfp6357ftq7,67
1rnnz277,17
8threeonejvkfldcrnxjflltr9,89
l8sevenseven8qmm5plczqnkrhvkppb,85
one7qjgnslmrdnbsone451xffltxrvdk,11
hmcmtzcl59,59
8qqffcfhj59,89
rzlkxvgckrfvnone2rjtwo,12
two9ninesevennine37,27
2x5,25
4cjkghzhtfrdhhcrjvt2,42
cpbhsgbzt8nzcjqnine5cntrngcqj,85
9three4sixeightcxmvmgglf,98
31dptlfdphx7three,33
fiveonethreesixppgpbzr8jlrpzhr,58
731bdfdvtpqb3pcbrsxvtxbtgphzdbsixfive,75
1gxmppthreetwo1xrslpjqq,11
2three3four4,24
pbdlpv56eight52,52
qmspclflmrckcbbqxnthreeone7dczkjhxnvjtkx,37
78dslfsggrkp,78
vntwonesixfourvsmmmgpghm3,23
three981flhdlvkseventwo,32
fqv9twopvk,92
pthpkvdqcn1,11
qtz763six8eightzxbcp,78
67vtscljxslhfpt8,68
2mqfhbpn,22
1jtdcgrlrpdmjbmlptgdzjfgqb,11
1twoeight6znzgxf8one,11
9gngqbsprhmhpsgzps,99
gjqsfhfivenine4pfhxthtjthgsm38,58
five1twofiveninetwofive2jrtzvtf,52
ninethreetbmcb2nine,99
96fztmrseveneightbhfpqjbsixvhjfvzzjdc,96
8threenineonejhhcmnnrzsnbzcstzqtfsthree,83
9onesixdttqqjvfour8,98
sixtcfdhjlddncmskrfoursix72,62
868fivevsstbpxtwo,82
four2onesix,46
four4ktnggkpfvtwozqqpsckb7,47
eightfour4threeninesixnbtzsevenjxpsn,87
sixfcmnbdflf7four7,67
mqvjfdhhbqkpkdx5sevenhrhkphqrsix,56
cb3bngnjgmjng,33
6jfive,65
roneightseven27fivetwofourfourbzshqvxdc,14
ltwone4zpvhninenm1eightktmkbpvlkkhzhvfc,28
84dslslds,84
bphdhtwo2ckktccnrqjptwo,22
six27glzs,67
threedxsdjsgmlvrtnmzjbvt71kdfiverpddfrczjhs,35
ddqlb4mtpfthreerkztrmxvbhhnjqmmdxdmlffcrhoneightfcg,41
qr1,11
56threenine6hgvtwotwofnjbppqppb,52
vb2fourninethree4knvzpjcj,24
threetlsevenfourgcjmzprone5three,33
5fourrrqhbrbq7three41,51
five8qpxdsdpxeightphjvbmtp,58
9one522,92
f3pklscq,33
4sjfiveht3xknmkndsgfjvl1zqdt,41
three4vjjg691,31
99grcttgddb,99
7pgh8sixsm5five,75
one185kjbftmplhqdkfvrh,15
4kzrchdkv2tgbrkghhnine6,46
sccnhhmmfournvbbvrlpfsevenfivefive8,48
frrrdkzvfg7blgqj7threecqhvvgfd,73
fivehsfkmbvxddkfrrngfivefive4four6,56
9onetwozcgntxrdzeight4zpnqkxsfpcggtrjjk4,94
5jbmn4nbzbmmkbvxstchl,54
fivenine4vvtfhrhbdeight4294,54
onefour749oneghm,11
one97czzjrrddjsb1nine,19
nine4sixsix,96
4eightthree3three,43
45rxpndjsmq6fourqpmk,44
seven93,73
5173five7kvgqpttwonemh,52
ninefive2n1eight,98
452zdvjfczspmcknblsmzznvrlhkmn,42
47onexntj2sixsixthree,43
nine9threesixfsmnfour51six,96
pgtfttdkjmz47,47
5threeone9gr2vjjcrbslcp,52
jsfour7fnmqgsxlnine2gsmmkgvj5gbvx,45
bktwonngqchlqghpnmlzxnthkpjgcjsr98eight,28
tczsjfcxfgjzbxeightnine5twoone,81
48,48
99flzfrrjdp69zxjdphrbbsixthreetpzn,93
five82fourxczgknkgk,54
six7fourbeight,68
oneeight4kxsdrpsix169dh,19
mnine9,99
npxvqkbpdtddhlggthreempqqblzfmmvc1mknf,31
56v9two24zdscdf,54
tmcbxhvhptvtwosdhltwo4mvjphvjjrsglrxbjrthree,23
threefive3skzsspkfqp61,31
three5three315xgjgphdr,35
8jvqvpspkqgbl,88
1vpkglvlxs2sixgc6eight3,13
hzshxqgxzttwovkfive3fgmctvvdfsbjhdt,23
prsqrjcrrj9nxgq2,92
dfsfxtdj19lqlblbmb1,11
ltlmvf81xsztgzpljcxx8,88
lrqxphqhthreetwolqjsixtwo81,31
nstpljlpt1sixnineone91,11
one4xcrhhdhsvveightfive,15
rfmdkpmbrhrnzqtqnrvdv4two5,45
ndf8mccqlzqrjjcpzzpbjrmclpkvkkltvgfsfour,84
two8three11eightwom,28
five5xpzcmtxnqj,55
7238fouronerxjvqtmhtljcnine,79
zdfmfkfbkb2seven,27
3fbkzxmz,33
21one699eightcqfs1,21
68vpgggr,68
97s9eight7,97
pkxvtvgtrdsqkgclnkxhjr3threelr,33
954lcthpqcscz,94
twothreevshxfjvnq6,26
rsnkplhfive3pmpkknnvbf6bvxqhbjhc,56
hhxhhpnrsevensztgxnqhmzcsnsxgblc7754,74
grjdsxzhjldjckhbxbrqlbbjhntjjv79,79
five7sevenfive,55
ghljgxzbfourcvqqnnine1rrmftfr,41
koneightbfxgjjzkkgsqzhhdctg4,14
cgtxldhfourtwoseven9zlhgrchhvfhrgmqdgnine,49
51twothree6x,56
sevenrfseven1sqmhzrg,71
bpnmzncsix3one6gzpzfsrfbp36,66
stjgqone46seven,17
gzrnkk7ninefour,74
fivefgnfkn4tzjxtjlrfive1,51
bdpgnthrf83nffzpeightmj,88
twotwovzbvbrsgseventhree15,25
7ninexqjggfvqndsdcg2,72
three8fivehpfxncpxv4three,33
twofive6rctmlhrxxlthreerrrvstvvqx,23
rgfdddkmvkfvjspmzzp6hxprqlvseven,67
threexhqqhone3six67l,37
eightseven56krtbthree,83
seven99,79
6j1czlmxsmqgzvrcjjscnineseven,67
ffnrkvchddftmhklsbxfourxmqnrnlrvvsevenone93,43
jlnzkqfvnsix8four74eightone,61
56eight1sqthzbsfpsevenhdlqkkqjqnqtbseven,57
dfsxgdsfnrktlhllrxqp5onevmfklvgxqhmlhgqhd8,58
cvtdzcsfive6rhggdz1tfzkffglck593,53
ninet715two1,91
gknjznhzvjrmqtkdbb5,55
xnrvvntwo22,22
9nlpcldct8nine5eightkjzmqskpnb,98
eightsix7ninetwopjslsgvbseven1,81
p2dcg49one,21
xcdthreessvvzts67bkqchqgqcf,37
31ncbk97,37
kxftjfivegmkcfqbvsl8threeqnrnrsixbdqzl,56
91fourpqfghjncnine8bfxqxdjckfckdzgsl,98
2vhrdjpcdlg,22
mrcjfivetwo6threenine,59
2ljldxrdg94four,24
gnoneghkgtt256,16
mxplnslnrsxpzlgx3nineonefive,35
63mzsvmsix,66
6fourninejpsfnineseven,67
fourninefive3threethreecmbseven,47
761zzctnddfour2one,71
dzonesixseven1two,12
fiver31oneeighteightwov,58
3kpbcxsthreeone5,35
nineonektx48drsgpktpns255,95
qfqtwone7nine374,24
xnsevenm9,79
seven8fourdptllvrggqzcnqfourtrbslxxgrrgj,74
onesix1sixngvmpbjctrkztfour1one,11
sjmxkkvddt89jlgfvhnlhlzzhdvp,89
jbk6,66
six4hkfbxrbg1ff7six,66
3six6fourthree6two,32
5sevensixonefour26,56
pgnzkprhj1rxsqftblftjgngthqdgmbdfmcpxxtsj8seven,17
17nine2kcnqv,12
ckzfgltmnqnkgzkxdfmncp8nine8,88
ccfourgfpdfrgmvdbvdvpd3,43
9bgqggggrbggmdrjkfivesvknmpthree,93
82sqghgstwoeightt,88
nk1slsckcn87cfsbggnsfnps67,17
1onethreefxdcqfourtpzqtwosix,16
pfivek4,54
99vnxnscjpeight4dthlk5eightwovl,98
rmtwonehkt6lczt8vfxmkzkxsb2five,25
one89bchlvvhtjz3zbspjtmkqkfourpznpfeight,18
foursqmchjpccone7ninenine2,42
1dvsgvone236six,16
six63three9,69
bvvgtrmmxs5scdzvcpseven7gdnxvczneight5oneightzbr,51
cv18cvdgxmrjsgnztgjrb4threefive9,19
ninesixsevennseventhree73,93
44dxhfgjt2gntv95,45
rbbhmmqbrc9twofour,94
4bqfivefiverdp658four,44
hpsslx88four,84
one8hmjrstmmeighttwodrmpm7five9,19
4ninen,49
9seven9fd442,92
3vqdtnhqg,33
hldgmmnfmzeighteightseven48,88
8msmbtzlvsf1ph4lkqddcbhcnp,84
jnkxqmghbpjslmgsbvlhtrr1njgrx2twozfk5,15
fxchjbvgl8mdhtckn8seven,87
rllvfrffhf13sevenc98,18
vgbprsjllsrhkltdrcknmfk1rpeightjpkxvjsrm,18
six81hgfzghnn8fivenseven,67
ninesrqjnt9onetwoeight63j,93
pbrrb9fqjhhfhfh9twokhhdsghvjkvkpj,92
1nineztppgztbdxvrgqvs46,16
jbqrdsqtfninefxtg1nzmdcqvg,91
41ninefiveninefiveone96,46
mmsfsjeightthreeqgbfbnvgnv5four4threepggz,83
6threehqq5four,64
mpthqgsix86two,62
5onesevenfive61,51
8ninetwoeightj31,81
7fivekxzhlxdsevenzn,77
sevenshxtsixzdfjvpcsc5jvjhgzbssbrqtwonemx,72
phls1,11
148nxbhkjr,18
2l8threeqfpddrjxrzlqldtqjseventwo,22
k7one,71
92sixtwotwoglmnxdnxz,92
9six4xdh,94
9five9nine,99
k21xc,21
sixonegsbffgtsevenzjbrone4chq,64
eightfive67fiveseven3four9,89
8lxzjjjshhgpvkmzcjjljr1fiveltt1,81
nine24eightts5xnfgtlpng5rkq,95
lhtwone1six8156zttxfdn5,25
69sevenmbkjdjbl,67
hnm8fivetwo,82
6threezc,63
lhmtbt7ltb6,76
six1eight4crjfmmxonenine,69
fhrvhfkp4xjstfour,44
kxeightwoseventlrvhfrkhrhfive34twos,82
sfvdlttlrfourthreevzksseven736,46
7crlzrzone8,78
fjsfpfivejxvqnq16threesixqxdmjz6,56
fkrjfjkgbjnine63fxfkfvphbjngnfqbhb2seventlbbr,97
596,56
dgfrd288six,26
783nine,79
two8fivefpkjllbnqgqlkqms7mmhbsrnhsxnbmjv,27
seven79one9,79
fourmrxqtmg21lnztkhx,41
3one728sixfive,35
fourconemgdcch8three,43
bfsfktfbvqfiveonecljcbqfnine2five,55
5eight2sevenzxpsk,57
6twotrvkhqrsppcxhjvjlkhcjrqpqvqxrmxqt,62
77kxkrpzr,77
grlrh36sevenone49,39
9fiveeight8,98
five4jbspqscf,54
4zzzjxghvcj,44
6xhrgnhxzx16xrknine,69
84nqhnxcdldthreeseventwodnbpszp,82
twoseven3xzpxpgjvbgldlqsgf,23
ncsfckp5cgv4jrbkf,54
9eightsixtcdkzlbl,96
sjfxx4,44
onebshtqkhslhfvhgqtvsnhqfhone4,14
fgggsixtwo4pl5,65
nvrr2twohknrgcxtpltwosgfbnlszeight,28
five1bzfdfsrz,51
4xvtwo2,42
five2eighth4,54
2jlnlmbqccrgkmjqninethreethreenine4,24
gtxxdnxqzlfive5seven,57
fivegjkqh46eight,58
33z,33
48sixscgcghlqjheight,48
vkfzkkxxnj17fivedt,15
onejlhdglpkjsixtwo24,14
4bssmdxpone1bnxjtwo,42
pbsixsfxddk3fivefive43eight,68
fivemnmqbzonetdgvmsone48,58
dbjeightwo9nine9,89
eight123kkptmzpqjj1,81
15krrcpgqshrhxrxpgone8kbkvgjlghc,18
45eight323hvnbtbqqtwoeight,48
veightwo2dsqjg,82
three77q6,36
1hshtr1vsbhfctfpdl1threem,13
nineninethreevvgbclnkcmzhctgjtwoseven4,94
seven3foursix4four,74
fhvm96bbxrmtcgcthree4rthree7,97
65crr,65
7ljvcqtceightbnkpbxqgfvfzxmfmctdjctgcc,78
llj659nine5rl,65
two8fivep3ddmpdhngm8cf,28
hljxhkvbk4five5k,45
threeninefive9,39
jncnpkxjvst2eightrjltjc,28
4psqtnkxrc,44
eightqtscplvmkbrlnine449nbnxtkz7,87
sixnvkbxlxninevhtdvf77zrnjzxfbdlsix1,61
eight2mznnrmhnmclxdcdzjsfourtxvgmdzvk,84
fkghbffpnmqblcrfivethreethree195,55
pxgpcrmpone1one,11
5pfkktxpfjgsixp5lbhrvv373,53
six8seven2fseven6,66
eight9crdxxxgpbprtdxpfsgglkst1,81
8zbmntvnpfoureightxz7four,84
3599lx5,35
seven9six4fdqr3vgq8,78
fiveone2twosevenfive,55
twotwo35sixczdx,26
two62964mdhbqhrfkf,24
phtrfmmkzonedcsnqdvrghvvf36thqdxfrh,16
dxnqsdhfivefour2385threeone,51
7onetwo,72
pfzrvpphj7phnzqmkbbbfvstwosevensix,76
69foursixonefive2,62
jszkfs9hkcsnxtzfs3,93
gqb1gzbglssfxqjvffivexlphdd7,17
2one777,27
qcczbcm4sevenseven,47
4threevxhtx,43
tdxxf8,88
jlxc5fivesixeight,58
sbszlkpjgfivevtsjscqdpv5eight56,56
bbpxxtwo798,28
fiveztdspgfive97zfmrvnxeighttwosix,56
51threetwovrbv5,55
fourfhxzgvbgdceightqnqrvmb7,47
11ngqhghdsevensthhs9,19
sevensevenrqmpsf4hnpqxmgbhskllksnkfourfour7,77
vheightwo5twothreehbzcrs,83
2fournpvcpksffj1,21
mxmldpfsevenpfcvhff9twonineeight,78
9pcqfrtkrtwo,92
hxxzppmlfive6cktznkfgmnctjfjpxvgdfszk7ptwo,52
vjjhjlqsvknineggvjdnnpltzrrqz7,97
9xdjlnqc,99
seven1lmdffjjqgxone,71
fiveseven9,59
5931zmck,51
twofourvzrdjmhbnl9onedrtcnl,21
4trmsevenhbsone,41
87pzvbcrdvzg3vfszszfds13,83
5three38gccjdm6six,56
xcszzrlpltbxs48mcs,48
ksjzvcgptnq3bfhrfx,33
twoninethreekhvndq8jfkrfpzsr71six,26
nine8zmnsdzxqhf4nine6nine,99
bsdvvggfrjvbvqrtjzbkzmcp64fourthree,63
nceighteightggrtjsblxdhpxsix7,87
ninebv8,98
136tjpsfdgnine,19
9q,99
seven1two,72
mtmzmplcnrfive3rtmhcxcxpsixeight2eight2,52
qclnh4,44
5d,55
tmvbmvh176jngdjlhszlfcbzv,16
two77jzfncqnm,27
onexdcrstcqlsixnmtxndzksfsvrxccmjj45,15
threeone58rzpfivenine,39
118zgl48,18
tfhdfive1gzz59bkztx,59
r3three4fourgzlgljdrmnmnjntssbpvkpmfdsjlbl,34
24hz,24
four8sixone6,46
nineqfggh3svpvlfzpfxoneeight6twohzb,92
941,91
onefivejnbgncqfzcsixdqd8rxjd2,12
9fivesixfivefivesix647,97
noneight25fhqrvv,15
eightninephmksl9dvhvcbvdldthree,83
threegr8,38
6fzqndfour5nine,69
4bl2zhcnpqvxthreemkjfqmdctsqzbkllfgvsmtt,43
9three13,93
hvbftpsbprhzx5,55
one7threer57,17
psdkpvjkzrs3sixfive,35
ngsqbpfbt34,34
gbdh7threexnszmtwo,72
64cmmt9sevenh8qdgmcpplgsj,68
fivervlsbzjsfiveqbmlrvlzqn8twoeight1vxzkjf,51
bznrgbrmnzvhp1twosix,16
97gldxj,97
fsjbjcklxp9nine2,92
hpgm7three,73
ljxcrlfive9bf,59
four894zmzmllzgkv,44
fivetmbkmmrjg9seven1tsix1,51
88sixgprtzhfzsncm4,84
dbdqkgtdxdjxhk3lsqvsmmtonexstlrplstvqvvmthree,33
sixfbvmqxbhbgfbl3,63
jkdshphdg1,11
sevenrkrvtwofivenine4fourcmjmmdvzvh,74
553,53
cqthreeone2ppfflh3fiveseven,37
5fivekxfzpzjsd42sevenzgfourtwo,52
55fivekrtckjphnlplbcbxbzf,55
1pgsfgdf755,15
5dncccmkpqtwocmmlltvbg,52
two23eight9lnjk,29
1148pdtcl1eight5oneights,11
4ltrvvtxfhcp8eight4dpfhmqeight,48
44xtvnlrcpb,44
9knzcfpkv2hqntgqkfgtsix1eight8,98
rlgmxxmpsk9,99
1one9,19
1six9fsvbrrgxqpsevensbnzshmb9,19
ftgbfqrzslqrcmmeightnjjrrkvhntcv1djmbqztrkvlqfkshoneightggd,81
one5twofqqgcdvzkllqgxhjpmkhsjpthree,13
sevenxtmq34two9gnvrvxfjmgq,79
nineeight6mkvbfour6four,94
6dcrpx8sixseven2bbszpncx3,63
6keighteightfive6six13,63
sixfive69sevenschkmdrvs,67
dzdgsmgcmkthxddd1921two7,17
fivenine9eighttworlrccrjzseven3,53
3onefoursix,36
6jzqksxpk,66
qfjhv1,11
sevennssgfpzt2bcxldkphfour1sixnine5,75
sx1zhzzpzonevrllpblsfnxzknmpconefktdt,11
mdvqxbgjhzprrhvqhdt6kfq,66
sclszppxlpzvzpscvqc791twochlgnsf4,74
krtjqmseven6tbllzgjcghsix1,71
114,14
75kp,75
rbrftcblxcknine4eight,98
ffmsgbqf33jcjktprgmczzkd6,36
v9zjhcvjjkr716,96
three49oneightf,31
ninesix2twobvdrbsvjrmvhsdhncsqhcfour,94
5thmkvcrfsix87hjhgbrxxfgseven,57
five8fourone24fqjknjq,54
xfmeight8,88
7onenine,79
fivesixfive2six9hn,59
7six441,71
1gjkphqtwo,12
fourhzgxqtxggfpprrmtfqsdhc2fdxnjdgx64five,45
threeninejdzzrbpmfhjcqdsix8two2bb,32
7877pzrbtcsddmrffzdsmqlqkjsix,76
5four3eight,58
15nine1,11
